,image_name,inputs
0,dataset\images\frame_001.png,"{'left': False, 'right': False, 'up': True, 'down': False}"
1,dataset\images\frame_002.png,"{'left': False, 'right': False, 'up': True, 'down': False}"
2,dataset\images\frame_003.png,"{'left': False, 'right': False, 'up': True, 'down': False}"
3,dataset\images\frame_004.png,"{'left': False, 'right': False, 'up': True, 'down': False}"
4,dataset\images\frame_005.png,"{'left': False, 'right': False, 'up': True, 'down': False}"
5,dataset\images\frame_006.png,"{'left': False, 'right': False, 'up': True, 'down': False}"
6,dataset\images\frame_007.png,"{'left': False, 'right': False, 'up': True, 'down': False}"
7,dataset\images\frame_008.png,"{'left': False, 'right': False, 'up': True, 'down': False}"
8,dataset\images\frame_009.png,"{'left': True, 'right': False, 'up': True, 'down': False}"
9,dataset\images\frame_010.png,"{'left': False, 'right': False, 'up': True, 'down': False}"
10,dataset\images\frame_011.png,"{'left': False, 'right': False, 'up': True, 'down': False}"
11,dataset\images\frame_012.png,"{'left': False, 'right': False, 'up': True, 'down': False}"
12,dataset\images\frame_013.png,"{'left': True, 'right': False, 'up': True, 'down': False}"
13,dataset\images\frame_014.png,"{'left': False, 'right': False, 'up': True, 'down': False}"
14,dataset\images\frame_015.png,"{'left': False, 'right': False, 'up': True, 'down': False}"
15,dataset\images\frame_016.png,"{'left': False, 'right': True, 'up': True, 'down': False}"
16,dataset\images\frame_017.png,"{'left': False, 'right': True, 'up': True, 'down': False}"
17,dataset\images\frame_018.png,"{'left': False, 'right': False, 'up': True, 'down': False}"
18,dataset\images\frame_019.png,"{'left': False, 'right': False, 'up': True, 'down': False}"
19,dataset\images\frame_020.png,"{'left': False, 'right': False, 'up': True, 'down': False}"
20,dataset\images\frame_021.png,"{'left': False, 'right': False, 'up': True, 'down': False}"
21,dataset\images\frame_022.png,"{'left': False, 'right': False, 'up': True, 'down': False}"
22,dataset\images\frame_023.png,"{'left': False, 'right': True, 'up': True, 'down': False}"
23,dataset\images\frame_024.png,"{'left': False, 'right': True, 'up': True, 'down': False}"
24,dataset\images\frame_025.png,"{'left': False, 'right': True, 'up': True, 'down': False}"
25,dataset\images\frame_026.png,"{'left': False, 'right': True, 'up': True, 'down': False}"
26,dataset\images\frame_027.png,"{'left': False, 'right': True, 'up': True, 'down': False}"
27,dataset\images\frame_028.png,"{'left': True, 'right': False, 'up': True, 'down': False}"
28,dataset\images\frame_029.png,"{'left': True, 'right': False, 'up': True, 'down': False}"
29,dataset\images\frame_030.png,"{'left': True, 'right': False, 'up': True, 'down': False}"
30,dataset\images\frame_031.png,"{'left': True, 'right': False, 'up': True, 'down': False}"
31,dataset\images\frame_032.png,"{'left': True, 'right': False, 'up': True, 'down': False}"
32,dataset\images\frame_033.png,"{'left': True, 'right': False, 'up': True, 'down': False}"
33,dataset\images\frame_034.png,"{'left': True, 'right': False, 'up': True, 'down': False}"
34,dataset\images\frame_035.png,"{'left': False, 'right': False, 'up': True, 'down': False}"
35,dataset\images\frame_036.png,"{'left': False, 'right': False, 'up': True, 'down': False}"
36,dataset\images\frame_037.png,"{'left': False, 'right': True, 'up': True, 'down': False}"
37,dataset\images\frame_038.png,"{'left': False, 'right': False, 'up': True, 'down': False}"
38,dataset\images\frame_039.png,"{'left': False, 'right': False, 'up': True, 'down': False}"
39,dataset\images\frame_040.png,"{'left': False, 'right': False, 'up': True, 'down': False}"
40,dataset\images\frame_041.png,"{'left': False, 'right': False, 'up': True, 'down': False}"
41,dataset\images\frame_042.png,"{'left': False, 'right': False, 'up': True, 'down': False}"
42,dataset\images\frame_043.png,"{'left': False, 'right': False, 'up': True, 'down': False}"
43,dataset\images\frame_044.png,"{'left': False, 'right': True, 'up': True, 'down': False}"
44,dataset\images\frame_045.png,"{'left': False, 'right': False, 'up': True, 'down': False}"
45,dataset\images\frame_046.png,"{'left': False, 'right': False, 'up': True, 'down': False}"
46,dataset\images\frame_047.png,"{'left': False, 'right': False, 'up': True, 'down': False}"
47,dataset\images\frame_048.png,"{'left': False, 'right': False, 'up': True, 'down': False}"
48,dataset\images\frame_049.png,"{'left': False, 'right': True, 'up': True, 'down': False}"
49,dataset\images\frame_050.png,"{'left': False, 'right': False, 'up': True, 'down': False}"
50,dataset\images\frame_051.png,"{'left': False, 'right': False, 'up': True, 'down': False}"
51,dataset\images\frame_052.png,"{'left': False, 'right': False, 'up': True, 'down': False}"
52,dataset\images\frame_053.png,"{'left': False, 'right': False, 'up': True, 'down': False}"
53,dataset\images\frame_054.png,"{'left': False, 'right': False, 'up': True, 'down': False}"
54,dataset\images\frame_055.png,"{'left': False, 'right': False, 'up': True, 'down': False}"
55,dataset\images\frame_056.png,"{'left': False, 'right': False, 'up': True, 'down': False}"
56,dataset\images\frame_057.png,"{'left': True, 'right': False, 'up': True, 'down': False}"
57,dataset\images\frame_058.png,"{'left': False, 'right': False, 'up': True, 'down': False}"
58,dataset\images\frame_059.png,"{'left': False, 'right': False, 'up': True, 'down': False}"
59,dataset\images\frame_060.png,"{'left': False, 'right': False, 'up': True, 'down': False}"
60,dataset\images\frame_061.png,"{'left': False, 'right': False, 'up': True, 'down': False}"
61,dataset\images\frame_062.png,"{'left': False, 'right': False, 'up': True, 'down': False}"
62,dataset\images\frame_063.png,"{'left': False, 'right': True, 'up': True, 'down': False}"
63,dataset\images\frame_064.png,"{'left': False, 'right': True, 'up': True, 'down': False}"
64,dataset\images\frame_065.png,"{'left': False, 'right': False, 'up': True, 'down': False}"
65,dataset\images\frame_066.png,"{'left': False, 'right': False, 'up': True, 'down': False}"
66,dataset\images\frame_067.png,"{'left': False, 'right': False, 'up': True, 'down': False}"
67,dataset\images\frame_068.png,"{'left': False, 'right': False, 'up': True, 'down': False}"
68,dataset\images\frame_069.png,"{'left': False, 'right': False, 'up': True, 'down': False}"
69,dataset\images\frame_070.png,"{'left': False, 'right': False, 'up': True, 'down': False}"
70,dataset\images\frame_071.png,"{'left': False, 'right': True, 'up': True, 'down': False}"
71,dataset\images\frame_072.png,"{'left': False, 'right': True, 'up': True, 'down': False}"
72,dataset\images\frame_073.png,"{'left': False, 'right': True, 'up': True, 'down': False}"
73,dataset\images\frame_074.png,"{'left': False, 'right': True, 'up': True, 'down': False}"
74,dataset\images\frame_075.png,"{'left': False, 'right': False, 'up': True, 'down': False}"
75,dataset\images\frame_076.png,"{'left': False, 'right': False, 'up': True, 'down': False}"
76,dataset\images\frame_077.png,"{'left': False, 'right': False, 'up': True, 'down': False}"
77,dataset\images\frame_078.png,"{'left': False, 'right': False, 'up': True, 'down': False}"
78,dataset\images\frame_079.png,"{'left': False, 'right': True, 'up': True, 'down': False}"
79,dataset\images\frame_080.png,"{'left': False, 'right': False, 'up': True, 'down': False}"
80,dataset\images\frame_081.png,"{'left': False, 'right': False, 'up': True, 'down': False}"
81,dataset\images\frame_082.png,"{'left': False, 'right': False, 'up': True, 'down': False}"
82,dataset\images\frame_083.png,"{'left': False, 'right': False, 'up': True, 'down': False}"
83,dataset\images\frame_084.png,"{'left': False, 'right': True, 'up': True, 'down': False}"
84,dataset\images\frame_085.png,"{'left': False, 'right': False, 'up': True, 'down': False}"
85,dataset\images\frame_086.png,"{'left': False, 'right': True, 'up': True, 'down': False}"
86,dataset\images\frame_087.png,"{'left': False, 'right': True, 'up': True, 'down': False}"
87,dataset\images\frame_088.png,"{'left': False, 'right': False, 'up': True, 'down': False}"
88,dataset\images\frame_089.png,"{'left': False, 'right': True, 'up': True, 'down': False}"
89,dataset\images\frame_090.png,"{'left': False, 'right': False, 'up': True, 'down': False}"
90,dataset\images\frame_091.png,"{'left': False, 'right': False, 'up': True, 'down': False}"
91,dataset\images\frame_092.png,"{'left': False, 'right': False, 'up': True, 'down': False}"
92,dataset\images\frame_093.png,"{'left': False, 'right': False, 'up': True, 'down': False}"
93,dataset\images\frame_094.png,"{'left': False, 'right': False, 'up': True, 'down': False}"
94,dataset\images\frame_095.png,"{'left': False, 'right': True, 'up': True, 'down': False}"
95,dataset\images\frame_096.png,"{'left': False, 'right': True, 'up': True, 'down': False}"
96,dataset\images\frame_097.png,"{'left': False, 'right': False, 'up': True, 'down': False}"
97,dataset\images\frame_098.png,"{'left': False, 'right': False, 'up': True, 'down': False}"
98,dataset\images\frame_099.png,"{'left': False, 'right': False, 'up': True, 'down': False}"
99,dataset\images\frame_100.png,"{'left': False, 'right': False, 'up': True, 'down': False}"
100,dataset\images\frame_101.png,"{'left': True, 'right': False, 'up': True, 'down': False}"
101,dataset\images\frame_102.png,"{'left': False, 'right': False, 'up': True, 'down': False}"
102,dataset\images\frame_103.png,"{'left': True, 'right': False, 'up': True, 'down': False}"
103,dataset\images\frame_104.png,"{'left': True, 'right': False, 'up': True, 'down': False}"
104,dataset\images\frame_105.png,"{'left': False, 'right': False, 'up': True, 'down': False}"
105,dataset\images\frame_106.png,"{'left': True, 'right': False, 'up': True, 'down': False}"
106,dataset\images\frame_107.png,"{'left': True, 'right': False, 'up': True, 'down': False}"
107,dataset\images\frame_108.png,"{'left': False, 'right': False, 'up': True, 'down': False}"
108,dataset\images\frame_109.png,"{'left': True, 'right': False, 'up': True, 'down': False}"
109,dataset\images\frame_110.png,"{'left': True, 'right': False, 'up': True, 'down': False}"
110,dataset\images\frame_111.png,"{'left': False, 'right': False, 'up': True, 'down': False}"
111,dataset\images\frame_112.png,"{'left': False, 'right': False, 'up': True, 'down': False}"
112,dataset\images\frame_113.png,"{'left': True, 'right': False, 'up': True, 'down': False}"
113,dataset\images\frame_114.png,"{'left': False, 'right': False, 'up': True, 'down': False}"
114,dataset\images\frame_115.png,"{'left': True, 'right': False, 'up': True, 'down': False}"
115,dataset\images\frame_116.png,"{'left': True, 'right': False, 'up': True, 'down': False}"
116,dataset\images\frame_117.png,"{'left': True, 'right': False, 'up': True, 'down': False}"
117,dataset\images\frame_118.png,"{'left': True, 'right': False, 'up': True, 'down': False}"
118,dataset\images\frame_119.png,"{'left': True, 'right': False, 'up': True, 'down': False}"
119,dataset\images\frame_120.png,"{'left': True, 'right': False, 'up': True, 'down': False}"
120,dataset\images\frame_121.png,"{'left': True, 'right': False, 'up': True, 'down': False}"
121,dataset\images\frame_122.png,"{'left': False, 'right': False, 'up': True, 'down': False}"
122,dataset\images\frame_123.png,"{'left': False, 'right': True, 'up': True, 'down': False}"
123,dataset\images\frame_124.png,"{'left': False, 'right': True, 'up': True, 'down': False}"
124,dataset\images\frame_125.png,"{'left': False, 'right': True, 'up': True, 'down': False}"
125,dataset\images\frame_126.png,"{'left': False, 'right': True, 'up': True, 'down': False}"
126,dataset\images\frame_127.png,"{'left': False, 'right': True, 'up': True, 'down': False}"
127,dataset\images\frame_128.png,"{'left': False, 'right': True, 'up': True, 'down': False}"
128,dataset\images\frame_129.png,"{'left': False, 'right': True, 'up': True, 'down': False}"
129,dataset\images\frame_130.png,"{'left': False, 'right': True, 'up': True, 'down': False}"
130,dataset\images\frame_131.png,"{'left': False, 'right': True, 'up': True, 'down': False}"
131,dataset\images\frame_132.png,"{'left': False, 'right': True, 'up': True, 'down': False}"
132,dataset\images\frame_133.png,"{'left': False, 'right': True, 'up': True, 'down': False}"
133,dataset\images\frame_134.png,"{'left': False, 'right': False, 'up': True, 'down': False}"
134,dataset\images\frame_135.png,"{'left': False, 'right': False, 'up': True, 'down': False}"
135,dataset\images\frame_136.png,"{'left': False, 'right': False, 'up': True, 'down': False}"
136,dataset\images\frame_137.png,"{'left': False, 'right': True, 'up': True, 'down': False}"
137,dataset\images\frame_138.png,"{'left': False, 'right': True, 'up': True, 'down': False}"
138,dataset\images\frame_139.png,"{'left': False, 'right': False, 'up': True, 'down': False}"
139,dataset\images\frame_140.png,"{'left': True, 'right': False, 'up': True, 'down': False}"
140,dataset\images\frame_141.png,"{'left': True, 'right': False, 'up': True, 'down': False}"
141,dataset\images\frame_142.png,"{'left': False, 'right': False, 'up': True, 'down': False}"
142,dataset\images\frame_143.png,"{'left': True, 'right': False, 'up': True, 'down': False}"
143,dataset\images\frame_144.png,"{'left': True, 'right': False, 'up': True, 'down': False}"
144,dataset\images\frame_145.png,"{'left': False, 'right': False, 'up': True, 'down': False}"
145,dataset\images\frame_146.png,"{'left': False, 'right': False, 'up': True, 'down': False}"
146,dataset\images\frame_147.png,"{'left': False, 'right': True, 'up': True, 'down': False}"
147,dataset\images\frame_148.png,"{'left': False, 'right': False, 'up': True, 'down': False}"
148,dataset\images\frame_149.png,"{'left': True, 'right': False, 'up': True, 'down': False}"
149,dataset\images\frame_150.png,"{'left': True, 'right': False, 'up': True, 'down': False}"
150,dataset\images\frame_151.png,"{'left': False, 'right': False, 'up': True, 'down': False}"
151,dataset\images\frame_152.png,"{'left': False, 'right': False, 'up': True, 'down': False}"
152,dataset\images\frame_153.png,"{'left': False, 'right': False, 'up': True, 'down': False}"
153,dataset\images\frame_154.png,"{'left': True, 'right': False, 'up': True, 'down': False}"
154,dataset\images\frame_155.png,"{'left': False, 'right': False, 'up': True, 'down': False}"
155,dataset\images\frame_156.png,"{'left': True, 'right': False, 'up': True, 'down': False}"
156,dataset\images\frame_157.png,"{'left': False, 'right': False, 'up': True, 'down': False}"
157,dataset\images\frame_158.png,"{'left': False, 'right': False, 'up': True, 'down': False}"
158,dataset\images\frame_159.png,"{'left': True, 'right': False, 'up': True, 'down': False}"
159,dataset\images\frame_160.png,"{'left': False, 'right': False, 'up': True, 'down': False}"
160,dataset\images\frame_161.png,"{'left': True, 'right': False, 'up': True, 'down': False}"
161,dataset\images\frame_162.png,"{'left': True, 'right': False, 'up': True, 'down': False}"
162,dataset\images\frame_163.png,"{'left': False, 'right': False, 'up': True, 'down': False}"
163,dataset\images\frame_164.png,"{'left': True, 'right': False, 'up': True, 'down': False}"
164,dataset\images\frame_165.png,"{'left': False, 'right': False, 'up': True, 'down': False}"
165,dataset\images\frame_166.png,"{'left': False, 'right': False, 'up': True, 'down': False}"
166,dataset\images\frame_167.png,"{'left': True, 'right': False, 'up': True, 'down': False}"
167,dataset\images\frame_168.png,"{'left': False, 'right': False, 'up': True, 'down': False}"
168,dataset\images\frame_169.png,"{'left': False, 'right': False, 'up': True, 'down': False}"
169,dataset\images\frame_170.png,"{'left': True, 'right': False, 'up': True, 'down': False}"
170,dataset\images\frame_171.png,"{'left': False, 'right': False, 'up': True, 'down': False}"
171,dataset\images\frame_172.png,"{'left': False, 'right': False, 'up': True, 'down': False}"
172,dataset\images\frame_173.png,"{'left': False, 'right': False, 'up': True, 'down': False}"
173,dataset\images\frame_174.png,"{'left': False, 'right': False, 'up': True, 'down': False}"
